day,Site1_mean,Site1_stderr,Site2_mean,Site2_stderr,Site3_mean,Site3_stderr,Site4_mean,Site4_stderr,Site5_mean,Site5_stderr,Site6_mean,Site6_stderr,Site7_mean,Site7_stderr,Site8_mean,Site8_stderr,Site9_mean,Site9_stderr,Site10_mean,Site10_stderr,Site11_mean,Site11_stderr,Site12_mean,Site12_stderr,Site13_mean,Site13_stderr,Site14_mean,Site14_stderr,Site15_mean,Site15_stderr,Site16_mean,Site16_stderr,Site17_mean,Site17_stderr,Site18_mean,Site18_stderr,Site19_mean,Site19_stderr,Site20_mean,Site20_stderr,Site21_mean,Site21_stderr,Site22_mean,Site22_stderr
1,15.33,1.43,32.94,0.75,46.62,6.13,120.48,8.82,20.97,0.46,46.47,2.53,76.69,16.46,24.51,1.08,46.36,4.28,9.22,1.32,38.2,2.14,34.28,15.98,22.68,6.38,30.08,6.23,65.92,2.28,119.92,9.98,220.9,14.83,648.96,72.44,195.63,3.96,88.14,7.58,102.03,6.06,71.62,19.73
2,33.32,2.63,65.24,2.53,93.71,12.54,260.35,10.92,40.62,4.09,93.28,4.53,151.32,33.67,52.21,0.73,85.03,12.38,19.16,3.03,71.74,3.85,71.93,36.81,42.49,12.17,52.57,10.7,120.25,6.22,215.22,55.48,431.38,21.86,1247.02,126.68,375.34,9.05,175.22,21.12,182.01,13.21,138.83,38
3,NA,NA,NA,NA,NA,NA,393.28,13.79,NA,NA,NA,NA,220.62,50.34,NA,NA,NA,NA,NA,NA,NA,NA,105.78,53.57,NA,NA,NA,NA,179.83,3.9,339.61,65.06,640.19,40.25,1730.57,160.63,572.78,22.45,264.67,28.71,282.28,22.9,235.03,61.6
4,NA,NA,NA,NA,168.06,14.93,521.59,27.28,NA,NA,171.58,4.91,284.76,64.01,NA,NA,160.41,12.49,NA,NA,NA,NA,145.36,72.54,NA,NA,NA,NA,221.34,6.59,484.26,74.06,848.32,57.73,2216.84,202.59,733.37,29.84,348.42,34.23,354.56,23.63,295.58,66.45
5,69.34,4.63,142.13,6.12,206.59,16.19,636.42,33.77,87.21,4.03,205.99,4.85,333.81,72.42,98.48,0.7,192.24,14.73,NA,NA,153.67,6.93,181.11,88.84,91.39,25.67,110.39,20.63,252.16,7.28,626.52,84.1,1065.53,67.35,2672.97,236.52,865.48,34.82,415.29,38.1,413.97,23.59,294.65,102.08
6,NA,NA,NA,NA,NA,NA,725.57,40.85,NA,NA,NA,NA,NA,NA,NA,NA,NA,NA,NA,NA,NA,NA,NA,NA,NA,NA,NA,NA,NA,NA,758.69,95.94,1265.13,73.79,3115.12,284.16,995.75,40.73,479.17,39.91,463.83,25.41,386.37,90.64
7,NA,NA,NA,NA,273.13,22.64,837.68,46.49,NA,NA,265.49,9.88,426.2,91.83,NA,NA,260.74,18.99,NA,NA,NA,NA,260.34,130.84,NA,NA,NA,NA,324.5,9.48,949.12,113.85,1535.77,88.08,3638.03,304.93,1112.63,37.52,542.8,41.39,517.96,28.26,437.65,98.89
8,NA,NA,200.92,7.55,NA,NA,942.41,59.06,NA,NA,NA,NA,NA,NA,NA,NA,NA,NA,52.3,7.18,NA,NA,NA,NA,132.02,36.69,169.95,31.29,NA,NA,1136.03,126.36,1789.48,95.58,4104.82,344.28,1211.17,33.92,592.3,44.05,564.96,30.25,483.76,107.99
9,116.2,6.78,NA,NA,NA,NA,1034.05,62.02,141.16,7.34,NA,NA,513.04,104.22,153.11,1.09,NA,NA,NA,NA,272.1,8.85,340.35,168.63,NA,NA,NA,NA,NA,NA,1306.13,141.68,2025.56,106.13,4577.49,368.23,1312.11,36.45,NA,NA,NA,NA,NA,NA
10,NA,NA,NA,NA,370.2,33.73,1133.48,77.76,NA,NA,366.1,24.49,574.35,98.16,NA,NA,347.58,25.13,NA,NA,NA,NA,NA,NA,NA,NA,NA,NA,434.29,10.89,1498.76,159.82,2291.95,118.1,5064.98,398.7,1432.06,38.84,678.64,52.32,674.03,28.24,574.44,124.01
11,NA,NA,272.35,5.84,NA,NA,1252.37,89.04,NA,NA,NA,NA,625.74,106.85,NA,NA,NA,NA,NA,NA,NA,NA,422.18,206.44,175.9,49.55,250.36,48.39,NA,NA,1682.73,177.98,2547.17,136.7,5544.39,429.84,1548.75,40.47,NA,NA,NA,NA,NA,NA
12,NA,NA,NA,NA,NA,NA,1362.53,102.06,NA,NA,NA,NA,NA,NA,NA,NA,NA,NA,NA,NA,NA,NA,NA,NA,NA,NA,NA,NA,NA,NA,1895.27,196.33,2836.16,155.89,6038.44,455.97,1645.51,42.14,776.61,58.12,767.49,33.36,656.19,131.92
13,164.41,8.7,NA,NA,477.8,43.96,1475.64,115.24,198.39,10.05,467.83,29.68,714.93,137.94,202.1,1,452.93,38.98,NA,NA,407.18,16.72,NA,NA,NA,NA,NA,NA,540.19,11.61,2078.45,208.43,3113.77,179.86,6550.29,477.14,1774.58,43.08,NA,NA,NA,NA,NA,NA
14,NA,NA,348.65,7.07,NA,NA,1606.22,128.69,NA,NA,NA,NA,NA,NA,NA,NA,NA,NA,NA,NA,NA,NA,521.55,247.73,215.45,60.3,330.19,62.01,NA,NA,2268.54,228.62,3357.13,196.58,6974.66,502.08,1882.51,42.14,878.91,66.09,854.79,37.67,745.8,145.04
15,NA,NA,NA,NA,NA,NA,1733.68,143.84,NA,NA,NA,NA,815.79,159.93,NA,NA,NA,NA,96.74,19.18,NA,NA,NA,NA,NA,NA,NA,NA,NA,NA,2468.24,250.46,3609.88,213.89,7424.71,529.25,2003.95,42.1,NA,NA,NA,NA,NA,NA
16,NA,NA,NA,NA,605.35,54.45,1859.26,158.08,NA,NA,NA,NA,NA,NA,NA,NA,556.48,48.93,NA,NA,NA,NA,592.72,268.82,NA,NA,NA,NA,NA,NA,2639.36,267.74,3826.67,229.73,7813.36,547.2,2119.22,40.9,NA,NA,NA,NA,NA,NA
17,NA,NA,NA,NA,NA,NA,1971.69,172.48,NA,NA,589.95,33.9,897.64,175.14,NA,NA,NA,NA,NA,NA,NA,NA,627.54,303.33,NA,NA,NA,NA,676.19,18.17,2817.83,289.72,4052.14,245.17,8226.03,574.11,NA,NA,1001.76,75.61,974.93,42.58,863.11,167.15
18,NA,NA,NA,NA,NA,NA,2091.15,187.97,NA,NA,NA,NA,NA,NA,NA,NA,NA,NA,NA,NA,585.49,24.62,NA,NA,NA,NA,NA,NA,NA,NA,2988.61,311.36,4273.94,255.49,8584.93,593.98,2307.33,39.3,NA,NA,NA,NA,NA,NA
19,234.9,12.08,446.97,10.38,707.42,58.75,2197.87,204.64,270.23,12.46,NA,NA,972.9,189.32,263.74,3.4,642.01,59.07,NA,NA,NA,NA,NA,NA,266.5,73.34,436.12,71.43,NA,NA,3187.04,335.61,4524.12,270.77,9019.81,618.18,NA,NA,1103.76,61.7,1070.55,34.22,947.02,175.94
20,NA,NA,NA,NA,NA,NA,NA,NA,NA,NA,NA,NA,NA,NA,NA,NA,NA,NA,NA,NA,NA,NA,679.3,354.75,NA,NA,NA,NA,NA,NA,3355.53,365.11,4727.23,277.18,9396.69,642.01,2471.9,31.48,1161.76,90.2,1094.92,56.63,977.94,205.88
21,NA,NA,NA,NA,NA,NA,2402.29,229.1,NA,NA,NA,NA,NA,NA,NA,NA,NA,NA,NA,NA,NA,NA,746.4,347.34,290.51,74.7,493.95,57.98,796.64,22.62,3520.95,382.05,4937.11,291.51,9757.48,662.64,NA,NA,NA,NA,NA,NA,NA,NA
22,NA,NA,NA,NA,NA,NA,NA,NA,NA,NA,NA,NA,NA,NA,NA,NA,NA,NA,NA,NA,NA,NA,NA,NA,NA,NA,NA,NA,NA,NA,3692.44,403.51,5144.24,299.8,10072.96,687.63,2667.63,29.87,NA,NA,NA,NA,NA,NA
23,NA,NA,NA,NA,840.6,68.81,2596.47,249.82,NA,NA,745.11,39.85,1088.78,226.78,NA,NA,744.25,65.36,131.73,23.83,737.23,32.04,787.12,352.89,NA,NA,NA,NA,NA,NA,3860.54,420.51,5364.38,314.69,10454.67,714.29,NA,NA,1239.38,128.85,1121.43,82.29,1026.6,253.48
24,NA,NA,527.84,13.6,NA,NA,NA,NA,NA,NA,NA,NA,NA,NA,NA,NA,NA,NA,NA,NA,NA,NA,NA,NA,303.71,86.41,536.44,57.75,NA,NA,4022.79,442.49,5571.67,330.41,10790.76,739.3,2833.48,28.13,1309.95,95.73,1224.27,50.72,1124.57,231.5
25,294.82,15.68,NA,NA,NA,NA,2773.56,268.37,324.5,17.21,NA,NA,NA,NA,310.49,3.41,NA,NA,NA,NA,NA,NA,NA,NA,NA,NA,NA,NA,891.57,25.12,4178.19,457.47,5770.94,346.29,11103.11,753.81,NA,NA,NA,NA,NA,NA,NA,NA
26,NA,NA,NA,NA,NA,NA,NA,NA,NA,NA,NA,NA,NA,NA,NA,NA,NA,NA,NA,NA,NA,NA,850.89,376.46,NA,NA,NA,NA,NA,NA,4357.01,478.87,5981.47,358.58,11458.7,778.11,2996.22,23.05,1348.38,92.48,1269.99,46.67,1178.04,229.66
27,NA,NA,NA,NA,976.4,74.9,2956.32,289.24,NA,NA,NA,NA,1208.87,247.7,NA,NA,841.46,70.97,NA,NA,856.58,34.72,NA,NA,NA,NA,NA,NA,NA,NA,4509.88,497.92,6173.74,369.99,11776.84,808.32,NA,NA,NA,NA,NA,NA,NA,NA
28,NA,NA,NA,NA,NA,NA,NA,NA,NA,NA,NA,NA,NA,NA,NA,NA,NA,NA,NA,NA,NA,NA,NA,NA,NA,NA,NA,NA,NA,NA,4660.93,514.91,6378.17,386.02,12110.8,828.18,3141.11,19.44,NA,NA,NA,NA,NA,NA
29,NA,NA,NA,NA,NA,NA,NA,NA,NA,NA,NA,NA,NA,NA,NA,NA,NA,NA,NA,NA,NA,NA,NA,NA,NA,NA,NA,NA,NA,NA,4821.16,531.26,6572.8,393.27,12439.1,850.17,NA,NA,NA,NA,NA,NA,NA,NA
30,344.84,20.87,624.15,20.51,1070.53,80.51,3207.46,320.84,370.8,18.23,909.9,41.17,1304.78,259.69,348.44,4.77,905.46,78.45,164.61,28.55,946.76,32.72,942.81,404.89,352.58,106.13,593.91,74.43,1005.44,30,4981.91,551.22,6769.14,410.42,12758.61,875.21,3283.62,14.77,1473.56,88.67,1338.31,63.96,1261.3,261.73
31,NA,NA,NA,NA,NA,NA,NA,NA,NA,NA,NA,NA,NA,NA,NA,NA,NA,NA,NA,NA,NA,NA,NA,NA,NA,NA,NA,NA,NA,NA,5137.23,572.23,6969.97,423.34,13087.64,899.7,NA,NA,NA,NA,NA,NA,NA,NA
32,NA,NA,NA,NA,NA,NA,3370.81,341.98,NA,NA,NA,NA,NA,NA,NA,NA,NA,NA,NA,NA,NA,NA,NA,NA,NA,NA,NA,NA,NA,NA,5302.09,594.01,7170.24,435.88,13393.1,903.74,3425.09,19.76,NA,NA,NA,NA,NA,NA
33,NA,NA,NA,NA,1160.51,85.18,NA,NA,NA,NA,NA,NA,1392.96,276.46,NA,NA,971.88,80.41,NA,NA,1036.68,32.6,1039.31,434.89,NA,NA,NA,NA,1073.62,31.89,5497.8,620.08,7414.19,454.29,13781.56,931.04,NA,NA,NA,NA,NA,NA,NA,NA
34,NA,NA,NA,NA,NA,NA,3548.76,362.28,NA,NA,NA,NA,NA,NA,NA,NA,NA,NA,NA,NA,NA,NA,NA,NA,NA,NA,NA,NA,NA,NA,5668.08,646.49,7617.13,472.83,14128.17,952.91,3574.64,21.52,NA,NA,NA,NA,NA,NA
35,NA,NA,NA,NA,NA,NA,NA,NA,NA,NA,NA,NA,NA,NA,NA,NA,NA,NA,NA,NA,NA,NA,NA,NA,NA,NA,NA,NA,NA,NA,5855.79,672.69,7845.23,489.75,14483.67,968.46,NA,NA,NA,NA,NA,NA,NA,NA
36,414.7,27.74,736.57,24.51,1267.15,92.51,3752.39,389.96,437.32,19.65,1080.42,43.42,1498.92,294.39,403.66,5.88,1059.62,84.72,199.23,34.3,1146.99,35.27,1117.46,459.15,410.38,121.61,726.42,85.57,1159.67,35.66,6013.45,694.99,8039.42,495.38,14813.04,995.32,3745.18,20.82,1666.58,99.87,1507.34,65.64,1456.47,289.75
37,NA,NA,NA,NA,NA,NA,NA,NA,NA,NA,NA,NA,NA,NA,NA,NA,NA,NA,NA,NA,NA,NA,NA,NA,NA,NA,NA,NA,NA,NA,6165.39,720.18,8244.33,508.17,15120.08,1017.21,NA,NA,NA,NA,NA,NA,NA,NA
38,NA,NA,NA,NA,NA,NA,3933.51,418.78,NA,NA,NA,NA,NA,NA,NA,NA,NA,NA,NA,NA,NA,NA,NA,NA,NA,NA,NA,NA,NA,NA,6329.88,742.39,8434.69,503.25,15453.32,1042.65,3897.89,21.15,NA,NA,NA,NA,NA,NA
39,NA,NA,NA,NA,NA,NA,NA,NA,NA,NA,NA,NA,NA,NA,NA,NA,NA,NA,NA,NA,NA,NA,NA,NA,NA,NA,NA,NA,NA,NA,6494.51,766.35,8641.3,517,15784.85,1071.89,NA,NA,NA,NA,NA,NA,NA,NA
40,NA,NA,NA,NA,1368.12,99.89,4096.43,441.28,NA,NA,NA,NA,1608.52,314.83,NA,NA,NA,NA,NA,NA,NA,NA,1211.52,481.83,NA,NA,NA,NA,NA,NA,6678.96,793.56,8882.37,532.68,16148.2,1100.18,4039.75,19.64,1789.73,106.82,NA,NA,1588.78,310.51
41,NA,NA,NA,NA,NA,NA,NA,NA,NA,NA,NA,NA,NA,NA,NA,NA,NA,NA,NA,NA,NA,NA,NA,NA,NA,NA,NA,NA,NA,NA,6858.94,822.86,9115.29,546.22,16504.32,1129.29,NA,NA,NA,NA,NA,NA,NA,NA
42,NA,NA,NA,NA,NA,NA,4262.09,462.61,NA,NA,NA,NA,NA,NA,NA,NA,NA,NA,NA,NA,NA,NA,NA,NA,NA,NA,NA,NA,NA,NA,7025.06,849.14,9330.2,558.11,16832.78,1155.34,4190.41,17.15,NA,NA,NA,NA,NA,NA
43,NA,NA,NA,NA,NA,NA,NA,NA,NA,NA,NA,NA,NA,NA,NA,NA,NA,NA,NA,NA,NA,NA,NA,NA,NA,NA,NA,NA,NA,NA,7191.57,882.05,9556.86,571.82,17184.24,1183.04,NA,NA,NA,NA,NA,NA,NA,NA
44,492.82,35.84,866.51,29.63,1494.08,108.89,4444.22,486.55,508.52,21.49,1270.98,43.31,1739.77,337.82,464.34,8.54,1242.86,89.32,228.98,39.06,1374.04,44.02,1299.26,501.38,473.73,140.1,872.29,100.63,1337.94,44.92,7355.8,908.97,9764.45,582.82,17515.54,1204.44,4351.86,17.73,1917.29,114.15,1707.37,69.9,1739.63,333.52
45,NA,NA,NA,NA,NA,NA,NA,NA,NA,NA,NA,NA,NA,NA,NA,NA,NA,NA,NA,NA,NA,NA,NA,NA,NA,NA,NA,NA,NA,NA,7521.46,936.08,9991.83,594.24,17864.36,1231.32,NA,NA,NA,NA,NA,NA,NA,NA
46,NA,NA,NA,NA,NA,NA,4611.55,507.95,NA,NA,NA,NA,NA,NA,NA,NA,NA,NA,NA,NA,NA,NA,NA,NA,NA,NA,NA,NA,NA,NA,7694.85,963.82,10228.62,609.42,18225.71,1257.53,4504.94,19.41,NA,NA,NA,NA,NA,NA
47,NA,NA,NA,NA,NA,NA,NA,NA,NA,NA,NA,NA,NA,NA,NA,NA,NA,NA,NA,NA,NA,NA,NA,NA,NA,NA,NA,NA,NA,NA,7865.29,990.53,10451.81,624.81,18565.74,1283.14,NA,NA,NA,NA,NA,NA,NA,NA
48,NA,NA,NA,NA,1607.3,115.84,4774.59,526.76,NA,NA,NA,NA,1862.07,358.32,NA,NA,NA,NA,NA,NA,NA,NA,1385.5,517.89,NA,NA,NA,NA,NA,NA,8029,1016.92,10673.55,640.74,18903.01,1305.64,4653.12,21.4,2034.41,120.46,NA,NA,1866.93,355.3
49,NA,NA,NA,NA,NA,NA,NA,NA,NA,NA,NA,NA,NA,NA,NA,NA,NA,NA,NA,NA,NA,NA,NA,NA,NA,NA,NA,NA,NA,NA,8203.17,1049.02,10904.15,653.71,19258.06,1327.83,NA,NA,NA,NA,NA,NA,NA,NA
50,NA,NA,NA,NA,NA,NA,4934.43,545.88,NA,NA,NA,NA,NA,NA,NA,NA,NA,NA,NA,NA,NA,NA,NA,NA,NA,NA,NA,NA,NA,NA,8369.75,1076.33,11122.84,665.16,19580.19,1350.39,4798.19,26.33,NA,NA,NA,NA,NA,NA
51,NA,NA,NA,NA,NA,NA,NA,NA,NA,NA,NA,NA,NA,NA,NA,NA,NA,NA,NA,NA,NA,NA,NA,NA,NA,NA,NA,NA,NA,NA,8534.61,1103.6,11343.16,677.5,19903.35,1369.09,NA,NA,NA,NA,NA,NA,NA,NA
52,567.43,44.39,988.75,33.67,1718.45,120.53,5097.33,567.2,578.98,22.76,1449.09,45.46,1983.62,379.26,521.93,12.02,1438.28,87.36,260.77,43.7,1580.59,53.38,1471.7,533.77,536.69,157.71,1017.36,114.91,1502.35,52.18,8706.66,1128.71,11582.81,690.06,20265.85,1389.23,4944.73,29.33,2142.12,124.56,1874.85,72.99,1993.01,375.18
53,NA,NA,NA,NA,NA,NA,NA,NA,NA,NA,NA,NA,NA,NA,NA,NA,NA,NA,NA,NA,NA,NA,NA,NA,NA,NA,NA,NA,NA,NA,8847.04,1153.68,11763.82,697.63,20544.16,1414.07,NA,NA,NA,NA,NA,NA,NA,NA
54,NA,NA,NA,NA,NA,NA,5244.35,584.36,NA,NA,NA,NA,NA,NA,NA,NA,NA,NA,NA,NA,NA,NA,NA,NA,NA,NA,NA,NA,NA,NA,9016.24,1179.46,11994.58,721.98,20877.18,1426.03,5084.22,32.84,NA,NA,NA,NA,NA,NA
55,NA,NA,NA,NA,NA,NA,NA,NA,NA,NA,NA,NA,NA,NA,NA,NA,NA,NA,NA,NA,NA,NA,NA,NA,NA,NA,NA,NA,NA,NA,9160.63,1202.75,12194.92,734.77,21136.65,1438.4,NA,NA,NA,NA,NA,NA,NA,NA
56,NA,NA,NA,NA,1808.37,125.2,5372.38,598.63,NA,NA,NA,NA,2084.19,397.82,NA,NA,NA,NA,NA,NA,NA,NA,1537.04,543.4,NA,NA,NA,NA,NA,NA,9312.91,1226.12,12395.19,741.1,21414.6,1460.44,5203.27,35.3,2231.17,128.54,NA,NA,2091.1,391.51
57,NA,NA,NA,NA,NA,NA,NA,NA,NA,NA,NA,NA,NA,NA,NA,NA,NA,NA,NA,NA,NA,NA,1582.16,557.53,NA,NA,NA,NA,NA,NA,9466.46,1254.04,12594.34,748.5,21712.69,1474.42,NA,NA,NA,NA,NA,NA,NA,NA
58,NA,NA,NA,NA,NA,NA,5502.99,615.95,NA,NA,NA,NA,NA,NA,NA,NA,NA,NA,NA,NA,NA,NA,NA,NA,NA,NA,NA,NA,NA,NA,9616.16,1280.67,12791.63,756.19,22026.52,1495.82,5323.62,39.84,NA,NA,NA,NA,NA,NA
59,NA,NA,NA,NA,NA,NA,NA,NA,NA,NA,NA,NA,NA,NA,NA,NA,NA,NA,NA,NA,NA,NA,NA,NA,NA,NA,NA,NA,NA,NA,9768.61,1307.43,12981.3,767.48,22307.96,1507.43,NA,NA,NA,NA,NA,NA,NA,NA
60,623.1,50.82,1081.3,34.66,1891.13,128.72,5629.92,631.67,639.08,24.8,1599.24,50.79,2186.24,414.15,565.59,14.16,1566.29,92.79,287.52,48.36,1753.77,55.66,1632.5,564.57,589.46,172.3,1140.07,132.26,1637.72,58.49,9923.28,1334.19,13186.37,776.95,22622.45,1524.5,5445.37,44.2,2321.87,135.49,2009.54,80.45,2209.4,408.01
61,NA,NA,NA,NA,NA,NA,NA,NA,NA,NA,NA,NA,NA,NA,NA,NA,NA,NA,NA,NA,NA,NA,NA,NA,NA,NA,NA,NA,NA,NA,10080.39,1358.38,13380.25,782.94,22911.59,1544.03,NA,NA,NA,NA,NA,NA,NA,NA
62,NA,NA,NA,NA,NA,NA,5761.08,649.16,NA,NA,NA,NA,NA,NA,NA,NA,NA,NA,NA,NA,NA,NA,NA,NA,NA,NA,NA,NA,NA,NA,10240.68,1387.61,13588.69,792.38,23237.64,1567.13,5572.54,45.11,NA,NA,NA,NA,NA,NA
63,NA,NA,NA,NA,NA,NA,NA,NA,NA,NA,NA,NA,NA,NA,NA,NA,NA,NA,NA,NA,NA,NA,NA,NA,NA,NA,NA,NA,NA,NA,10396.69,1417.59,13795.38,799.3,23547.04,1586.68,NA,NA,NA,NA,NA,NA,NA,NA
64,NA,NA,NA,NA,NA,NA,NA,NA,NA,NA,NA,NA,NA,NA,NA,NA,NA,NA,NA,NA,NA,NA,1700.89,575.26,NA,NA,NA,NA,NA,NA,10545.62,1444.07,13998.85,806.57,23856.65,1605.57,5699.34,49.32,NA,NA,NA,NA,NA,NA
65,NA,NA,NA,NA,NA,NA,5959.68,675.74,NA,NA,NA,NA,NA,NA,NA,NA,NA,NA,NA,NA,NA,NA,NA,NA,NA,NA,NA,NA,NA,NA,10676.8,1470.03,14156.22,826.85,24137.81,1626.53,NA,NA,NA,NA,NA,NA,NA,NA
66,NA,NA,NA,NA,NA,NA,NA,NA,NA,NA,NA,NA,NA,NA,NA,NA,NA,NA,NA,NA,NA,NA,NA,NA,NA,NA,NA,NA,NA,NA,10823.93,1497.74,14340.18,841.14,24423.97,1644.95,5821.58,52.85,NA,NA,NA,NA,NA,NA
67,NA,NA,NA,NA,2046.24,142.65,6099.25,688.31,NA,NA,1736.99,53.07,2355.97,443.75,NA,NA,1684.58,92.96,NA,NA,1897.22,62.84,1772.22,593.17,NA,NA,1251.83,145.54,1763.06,58.11,10984.56,1525.42,14546.37,850.2,24741.56,1663.13,NA,NA,2455.76,146.51,2126.53,84.45,2376.67,436.52
68,NA,NA,NA,NA,NA,NA,NA,NA,NA,NA,NA,NA,NA,NA,NA,NA,NA,NA,NA,NA,NA,NA,NA,NA,NA,NA,NA,NA,NA,NA,11133.8,1555.6,14743.88,856.9,25048.64,1685.36,5931.01,54.02,NA,NA,NA,NA,NA,NA
69,NA,NA,NA,NA,NA,NA,6213.53,698.17,NA,NA,NA,NA,NA,NA,NA,NA,NA,NA,NA,NA,NA,NA,NA,NA,NA,NA,NA,NA,NA,NA,11279.79,1582.13,14932.52,867.08,25355.16,1704.25,NA,NA,NA,NA,NA,NA,NA,NA
70,NA,NA,NA,NA,NA,NA,NA,NA,NA,NA,NA,NA,NA,NA,NA,NA,NA,NA,NA,NA,NA,NA,NA,NA,NA,NA,NA,NA,NA,NA,11458.15,1614.18,15151.44,875.45,25701.18,1724.32,6055.92,56.89,NA,NA,NA,NA,NA,NA
71,NA,NA,NA,NA,NA,NA,NA,NA,NA,NA,NA,NA,NA,NA,NA,NA,NA,NA,NA,NA,NA,NA,NA,NA,NA,NA,NA,NA,NA,NA,11610.65,1643.71,15336.91,880.59,25997.23,1742.01,NA,NA,NA,NA,NA,NA,NA,NA
72,NA,NA,NA,NA,NA,NA,6397.95,713.97,NA,NA,NA,NA,NA,NA,NA,NA,NA,NA,NA,NA,NA,NA,NA,NA,NA,NA,NA,NA,NA,NA,11755.17,1663.98,15525.05,888.34,26303.72,1763.08,6166.95,59.49,NA,NA,NA,NA,NA,NA
73,NA,NA,NA,NA,NA,NA,NA,NA,NA,NA,NA,NA,NA,NA,NA,NA,NA,NA,NA,NA,NA,NA,NA,NA,NA,NA,NA,NA,NA,NA,11905.45,1687.11,15706.77,896.42,26570.39,1780.58,NA,NA,NA,NA,NA,NA,NA,NA
74,710.9,54.16,1228.45,42.58,2193.51,163.82,6519.51,726.79,728.51,28.77,1858.8,56.4,2499.16,468.75,632.64,20.77,1783.21,93.54,320.15,50.99,2024.69,70.03,1863.38,597.45,666.4,194.3,1344.74,158.94,1883.58,58.89,12049.81,1707.7,15895.49,906.6,26870.81,1798.37,6279.07,63.15,2589.21,158.88,2219.84,89.3,2533.35,465.61
75,NA,NA,NA,NA,NA,NA,NA,NA,NA,NA,NA,NA,NA,NA,NA,NA,NA,NA,NA,NA,NA,NA,NA,NA,NA,NA,NA,NA,NA,NA,12193.24,1729.58,16078.56,917.73,27158.84,1814.87,NA,NA,NA,NA,NA,NA,NA,NA
76,NA,NA,NA,NA,NA,NA,6626.58,738.98,NA,NA,NA,NA,NA,NA,NA,NA,NA,NA,NA,NA,NA,NA,NA,NA,NA,NA,NA,NA,NA,NA,12345.23,1752.14,16267.66,926.31,27474.92,1836.69,6397.1,63.57,NA,NA,NA,NA,NA,NA
77,NA,NA,NA,NA,NA,NA,NA,NA,NA,NA,NA,NA,NA,NA,NA,NA,NA,NA,NA,NA,NA,NA,NA,NA,NA,NA,NA,NA,NA,NA,12493.43,1773.21,16458.79,940.8,27784.1,1848.4,NA,NA,NA,NA,NA,NA,NA,NA
78,NA,NA,NA,NA,NA,NA,NA,NA,NA,NA,NA,NA,NA,NA,NA,NA,NA,NA,NA,NA,NA,NA,NA,NA,NA,NA,NA,NA,NA,NA,12638.91,1782.98,16654.46,950.97,28066.85,1880.55,6511.69,66.86,NA,NA,NA,NA,NA,NA
79,NA,NA,NA,NA,NA,NA,6780.63,753.82,NA,NA,NA,NA,NA,NA,NA,NA,NA,NA,NA,NA,NA,NA,NA,NA,NA,NA,NA,NA,NA,NA,12762.93,1799.72,16827.82,961.72,28351.82,1894.04,NA,NA,NA,NA,NA,NA,NA,NA
80,NA,NA,NA,NA,NA,NA,NA,NA,NA,NA,NA,NA,NA,NA,NA,NA,NA,NA,NA,NA,NA,NA,NA,NA,NA,NA,NA,NA,NA,NA,12909.02,1818.31,17014.44,969.11,28640.45,1916.03,6640.07,67.27,NA,NA,NA,NA,NA,NA
81,NA,NA,NA,NA,2351.41,189.56,6921.56,773.4,NA,NA,2001.8,61.17,2676.05,497.25,NA,NA,1892.79,100.29,NA,NA,2157.32,71.12,NA,NA,NA,NA,1448.79,167.73,2005.23,58.26,13050.49,1838.39,17176.88,976.48,28902.7,1928.57,NA,NA,2744.6,171.61,2335,94.4,2721.03,493.83
82,NA,NA,NA,NA,NA,NA,NA,NA,NA,NA,NA,NA,NA,NA,NA,NA,NA,NA,NA,NA,NA,NA,NA,NA,NA,NA,NA,NA,NA,NA,13187.68,1861.78,17341.53,986.1,29173.55,1950.8,6761.2,70.18,NA,NA,NA,NA,NA,NA
83,NA,NA,NA,NA,NA,NA,NA,NA,NA,NA,NA,NA,NA,NA,NA,NA,NA,NA,NA,NA,NA,NA,NA,NA,NA,NA,NA,NA,NA,NA,13327.7,1879.38,17510.53,987.88,29459.28,1967.69,NA,NA,NA,NA,NA,NA,NA,NA
84,NA,NA,NA,NA,NA,NA,NA,NA,NA,NA,NA,NA,NA,NA,NA,NA,NA,NA,NA,NA,NA,NA,NA,NA,NA,NA,NA,NA,NA,NA,13453.86,1901.32,17667.41,994.45,29740.99,1985.71,6869.91,71.82,NA,NA,NA,NA,NA,NA
85,NA,NA,NA,NA,NA,NA,NA,NA,NA,NA,NA,NA,NA,NA,NA,NA,NA,NA,NA,NA,NA,NA,NA,NA,NA,NA,NA,NA,NA,NA,13612.23,1925.57,17835.08,991.08,30055.13,2008.59,NA,NA,NA,NA,NA,NA,NA,NA
86,NA,NA,NA,NA,NA,NA,7149.39,801.81,NA,NA,NA,NA,NA,NA,NA,NA,NA,NA,NA,NA,NA,NA,NA,NA,NA,NA,NA,NA,NA,NA,13760.3,1946.82,18023.11,1001.86,30383.12,2028.55,6981.47,70.98,NA,NA,NA,NA,NA,NA
87,NA,NA,NA,NA,NA,NA,NA,NA,NA,NA,NA,NA,NA,NA,NA,NA,NA,NA,NA,NA,NA,NA,NA,NA,NA,NA,NA,NA,NA,NA,13897.24,1969.36,18179.95,1013.11,30633.47,2042.95,NA,NA,NA,NA,NA,NA,NA,NA
88,NA,NA,NA,NA,NA,NA,7284.42,815.69,NA,NA,NA,NA,NA,NA,NA,NA,NA,NA,NA,NA,NA,NA,NA,NA,NA,NA,NA,NA,NA,NA,14055.32,1958.29,18287.12,995.75,30876.82,2032.18,7109.66,73.23,NA,NA,NA,NA,NA,NA
89,NA,NA,NA,NA,NA,NA,NA,NA,NA,NA,NA,NA,NA,NA,NA,NA,NA,NA,NA,NA,NA,NA,NA,NA,NA,NA,NA,NA,NA,NA,14195.76,1978.05,18467.6,1003.52,31191.35,2050.1,NA,NA,NA,NA,NA,NA,NA,NA
90,794,58.04,1359.57,55.06,2521.13,219.15,7389.75,825.66,816.37,30.88,2153.8,64.34,2841.08,521.32,701.03,23.99,2011.3,102.99,356,54.77,2296.96,67.61,1996.68,596.56,755.37,224.63,1555.21,179.87,2139.08,65.21,14325.23,1995.72,18629.51,1010.16,31471.3,2070.55,7215.86,74.5,2870.1,180.15,2449.27,97.58,2902.87,518.54
91,NA,NA,NA,NA,NA,NA,NA,NA,NA,NA,NA,NA,NA,NA,NA,NA,NA,NA,NA,NA,NA,NA,NA,NA,NA,NA,NA,NA,NA,NA,14459.5,2014.96,18778.56,1015.47,31741.43,2089.43,NA,NA,NA,NA,NA,NA,NA,NA
92,NA,NA,NA,NA,NA,NA,7486.9,828.61,NA,NA,NA,NA,NA,NA,NA,NA,NA,NA,NA,NA,NA,NA,NA,NA,NA,NA,NA,NA,NA,NA,14611.61,2046.6,18926.17,1023.65,32004.56,2097.31,7327.18,77.26,NA,NA,NA,NA,NA,NA
95,NA,NA,NA,NA,NA,NA,7625.57,837.06,NA,NA,NA,NA,NA,NA,NA,NA,NA,NA,NA,NA,NA,NA,NA,NA,NA,NA,NA,NA,NA,NA,14925.96,2091.25,19320.34,1045.04,32746.54,2139.34,7466.24,83.57,NA,NA,NA,NA,NA,NA
97,NA,NA,NA,NA,NA,NA,NA,NA,NA,NA,NA,NA,NA,NA,NA,NA,NA,NA,NA,NA,NA,NA,NA,NA,NA,NA,NA,NA,NA,NA,15198.49,2132.65,19599.11,1049.9,33267.04,2172.74,NA,NA,NA,NA,NA,NA,NA,NA
98,NA,NA,NA,NA,NA,NA,7772.76,854.55,NA,NA,2290.05,67.95,2997,542.49,NA,NA,2114.81,103.65,NA,NA,2430.69,69.35,NA,NA,NA,NA,1650.41,184.45,2260.1,65.88,NA,NA,NA,NA,NA,NA,7614.64,89.19,3021.36,190.74,2552.34,107.41,3083.18,544.96
99,NA,NA,NA,NA,NA,NA,NA,NA,NA,NA,NA,NA,NA,NA,NA,NA,NA,NA,NA,NA,NA,NA,NA,NA,NA,NA,NA,NA,NA,NA,15439.73,2172.8,19874.62,1068.79,33748.11,2199.18,NA,NA,NA,NA,NA,NA,NA,NA
100,NA,NA,NA,NA,NA,NA,7870.18,862.97,NA,NA,NA,NA,NA,NA,NA,NA,NA,NA,NA,NA,NA,NA,NA,NA,NA,NA,NA,NA,NA,NA,NA,NA,NA,NA,NA,NA,7723.97,92.83,NA,NA,NA,NA,NA,NA
102,NA,NA,NA,NA,NA,NA,7960.55,871.32,NA,NA,NA,NA,NA,NA,NA,NA,NA,NA,NA,NA,NA,NA,NA,NA,NA,NA,NA,NA,NA,NA,15732.49,2210.27,20204.56,1083.67,34382.21,2221.4,7820.83,93.32,NA,NA,NA,NA,NA,NA
105,866.13,59.86,1493.75,60.13,2731.95,247.51,8082.62,880.3,885.79,35.84,2396.51,74.41,3116.45,560.56,760.01,28.58,2193.52,104.41,391.19,58.77,2527.38,67.99,NA,NA,827.48,245.95,1727.27,188.42,2357.82,68.8,NA,NA,NA,NA,NA,NA,7939.9,94.03,3140.3,203.33,2629.11,109.84,3220.77,562.38
106,NA,NA,NA,NA,NA,NA,NA,NA,NA,NA,NA,NA,NA,NA,NA,NA,NA,NA,NA,NA,NA,NA,2131.45,601.93,NA,NA,NA,NA,NA,NA,16128.27,2260.68,20677.77,1111.25,35301.75,2305.7,NA,NA,NA,NA,NA,NA,NA,NA
107,NA,NA,NA,NA,NA,NA,8166.58,887.47,NA,NA,NA,NA,NA,NA,NA,NA,NA,NA,NA,NA,NA,NA,NA,NA,NA,NA,NA,NA,NA,NA,NA,NA,NA,NA,NA,NA,8032.29,92,NA,NA,NA,NA,NA,NA
109,NA,NA,NA,NA,NA,NA,8253.12,894.5,NA,NA,NA,NA,NA,NA,NA,NA,NA,NA,NA,NA,NA,NA,NA,NA,NA,NA,NA,NA,NA,NA,16473.71,2304.94,21051.2,1123.28,35970.21,2371.4,8129.93,94.28,NA,NA,NA,NA,NA,NA
111,NA,NA,NA,NA,NA,NA,NA,NA,NA,NA,NA,NA,NA,NA,NA,NA,NA,NA,NA,NA,NA,NA,NA,NA,NA,NA,NA,NA,NA,NA,16773.39,2345.76,21373.52,1138.69,36543.99,2411.63,NA,NA,NA,NA,NA,NA,NA,NA
112,NA,NA,NA,NA,NA,NA,8372.19,904.6,NA,NA,2501.41,80.47,3228.1,578.88,NA,NA,2277.7,108.61,NA,NA,2619.54,69.44,NA,NA,NA,NA,1800.25,191.49,2447.91,69.46,NA,NA,NA,NA,NA,NA,8251.89,98.76,3258.29,211.01,2716.88,115.62,3356.42,579.14
113,NA,NA,NA,NA,NA,NA,NA,NA,NA,NA,NA,NA,NA,NA,NA,NA,NA,NA,NA,NA,NA,NA,NA,NA,NA,NA,NA,NA,NA,NA,17050.06,2384.94,21687.04,1158.17,37116.16,2456.1,NA,NA,NA,NA,NA,NA,NA,NA
114,NA,NA,NA,NA,NA,NA,8475.39,915.83,NA,NA,NA,NA,NA,NA,NA,NA,NA,NA,NA,NA,NA,NA,NA,NA,NA,NA,NA,NA,NA,NA,NA,NA,NA,NA,NA,NA,8364.87,100.11,NA,NA,NA,NA,NA,NA
116,NA,NA,NA,NA,NA,NA,8575.4,926.27,NA,NA,NA,NA,NA,NA,NA,NA,NA,NA,NA,NA,NA,NA,NA,NA,NA,NA,NA,NA,NA,NA,17335,2425.88,22026.45,1179.73,37771.94,2522.66,8464.71,99.85,NA,NA,NA,NA,NA,NA
119,923.71,60.21,1604.81,57.14,2904.83,260.9,8686.95,937.93,959.93,34.53,2591.17,82.89,3340.42,590.55,808.37,32.31,2354.02,111.85,423.65,61.12,2706.67,67.07,2244.68,606.59,887.82,262.18,1857.98,189.48,2532.52,72.1,17641.96,2468.87,22390.42,1198.97,38448.05,2556.29,8574.41,100.69,3365.83,214.7,2790.08,121.65,3492.61,603.68
120,NA,NA,NA,NA,NA,NA,NA,NA,NA,NA,NA,NA,NA,NA,NA,NA,NA,NA,NA,NA,NA,NA,NA,NA,NA,NA,NA,NA,NA,NA,17791.95,2494.05,22544.84,1212.72,38699.14,2581.25,NA,NA,NA,NA,NA,NA,NA,NA
121,NA,NA,NA,NA,NA,NA,8756.65,943.18,NA,NA,NA,NA,NA,NA,NA,NA,NA,NA,NA,NA,NA,NA,NA,NA,NA,NA,NA,NA,NA,NA,NA,NA,NA,NA,NA,NA,8661.86,100.49,NA,NA,NA,NA,NA,NA
123,NA,NA,NA,NA,NA,NA,8830.99,949.78,NA,NA,NA,NA,NA,NA,NA,NA,NA,NA,NA,NA,NA,NA,NA,NA,NA,NA,NA,NA,NA,NA,18071.16,2536.31,22898.37,1232.94,39397.12,2640.77,8742.65,98.87,NA,NA,NA,NA,NA,NA
125,NA,NA,NA,NA,NA,NA,NA,NA,NA,NA,NA,NA,NA,NA,NA,NA,NA,NA,NA,NA,NA,NA,NA,NA,NA,NA,NA,NA,NA,NA,18279.03,2571.11,23152.87,1251.36,39878.08,2699.51,NA,NA,NA,NA,NA,NA,NA,NA
126,NA,NA,NA,NA,NA,NA,8930.76,963.25,NA,NA,2673.06,83.42,3443.43,604.97,NA,NA,2422.93,114.09,NA,NA,2787.01,66.93,NA,NA,NA,NA,1927.06,196.26,2619.72,75.35,NA,NA,NA,NA,NA,NA,8853.82,102.45,3466.05,220.37,2857.48,122.79,3618.01,624.01
128,NA,NA,NA,NA,NA,NA,8998.56,970.17,NA,NA,NA,NA,NA,NA,NA,NA,NA,NA,NA,NA,NA,NA,NA,NA,NA,NA,NA,NA,NA,NA,NA,NA,NA,NA,NA,NA,8940.88,102.65,NA,NA,NA,NA,NA,NA
130,NA,NA,NA,NA,NA,NA,NA,NA,NA,NA,NA,NA,NA,NA,NA,NA,NA,NA,NA,NA,NA,NA,NA,NA,NA,NA,NA,NA,NA,NA,18704.83,2605.23,23696.6,1288.27,41008.99,2833.61,NA,NA,NA,NA,NA,NA,NA,NA
132,NA,NA,NA,NA,NA,NA,NA,NA,NA,NA,NA,NA,NA,NA,NA,NA,NA,NA,NA,NA,NA,NA,NA,NA,NA,NA,NA,NA,NA,NA,19033.18,2651.02,24080.99,1319.69,41714.84,2908.62,NA,NA,NA,NA,NA,NA,NA,NA
133,982.25,62.89,1712.14,65.37,3055.8,267.83,9154.88,986.69,1024.42,39.13,2753.44,85.54,3545.58,618.21,851.25,35.87,2495.06,117.85,448.25,62.98,2870.78,70.22,NA,NA,941.37,277.68,1984.84,203.55,2703.46,81.22,NA,NA,NA,NA,NA,NA,9094.18,108.52,3563.57,224.99,2931.01,125.8,3748.14,647.37
134,NA,NA,NA,NA,NA,NA,NA,NA,NA,NA,NA,NA,NA,NA,NA,NA,NA,NA,NA,NA,NA,NA,NA,NA,NA,NA,NA,NA,NA,NA,19176.45,2677.17,24236.43,1336.41,41974.23,2940.53,NA,NA,NA,NA,NA,NA,NA,NA
135,NA,NA,NA,NA,NA,NA,NA,NA,NA,NA,NA,NA,NA,NA,NA,NA,NA,NA,NA,NA,NA,NA,2356.33,616.01,NA,NA,NA,NA,NA,NA,NA,NA,NA,NA,NA,NA,NA,NA,NA,NA,NA,NA,NA,NA
137,NA,NA,NA,NA,NA,NA,9285.28,995.48,NA,NA,NA,NA,NA,NA,NA,NA,NA,NA,NA,NA,NA,NA,NA,NA,NA,NA,NA,NA,NA,NA,19432.69,2715.13,24587.01,1385.17,42627.92,3009.39,9247.13,103.46,NA,NA,NA,NA,NA,NA
139,NA,NA,NA,NA,NA,NA,NA,NA,NA,NA,NA,NA,NA,NA,NA,NA,NA,NA,NA,NA,NA,NA,NA,NA,NA,NA,NA,NA,NA,NA,19645.17,2748.16,24830.28,1406.08,43090.52,3045.11,NA,NA,NA,NA,NA,NA,NA,NA
140,NA,NA,NA,NA,NA,NA,9394.84,1004.97,NA,NA,NA,NA,3644.99,637.22,NA,NA,NA,NA,NA,NA,NA,NA,NA,NA,NA,NA,NA,NA,NA,NA,NA,NA,NA,NA,NA,NA,9378.42,107.55,3670.02,234.26,3004.36,129.42,3885.55,667.07
141,NA,NA,NA,NA,NA,NA,NA,NA,NA,NA,NA,NA,NA,NA,NA,NA,NA,NA,NA,NA,NA,NA,NA,NA,NA,NA,NA,NA,NA,NA,19831.94,2771.77,25080.36,1429.33,43562.39,3087.62,NA,NA,NA,NA,NA,NA,NA,NA
144,NA,NA,NA,NA,NA,NA,9531.08,1017.78,NA,NA,NA,NA,NA,NA,NA,NA,NA,NA,NA,NA,NA,NA,NA,NA,NA,NA,NA,NA,NA,NA,20061.95,2792.69,25236.05,1354.87,44183.38,3180.26,9415.32,167.05,NA,NA,NA,NA,NA,NA
147,1040.04,59.28,1824.51,71.47,3203.98,277.15,9631.93,1024.51,1079.2,39.81,2907.17,93.8,3741.8,651.92,895.13,39.55,2626.04,116.02,472.7,64.09,3009.32,71.84,NA,NA,987.31,291.66,2053.12,222.47,2843.38,88.63,20315.84,2829.38,25584.25,1395.87,44849.29,3246.82,9629.35,129.59,3772.56,245.6,3079.64,135.61,4009.87,687.97
150,NA,NA,NA,NA,NA,NA,NA,NA,NA,NA,NA,NA,NA,NA,NA,NA,NA,NA,NA,NA,NA,NA,2453.84,616.94,NA,NA,NA,NA,NA,NA,NA,NA,NA,NA,NA,NA,NA,NA,NA,NA,NA,NA,NA,NA
151,NA,NA,NA,NA,NA,NA,NA,NA,NA,NA,NA,NA,NA,NA,NA,NA,NA,NA,NA,NA,NA,NA,NA,NA,NA,NA,NA,NA,NA,NA,20703.34,2880.97,26100.3,1450.76,45868.52,3316.43,NA,NA,NA,NA,NA,NA,NA,NA
154,NA,NA,NA,NA,NA,NA,9864.96,1040.74,NA,NA,NA,NA,NA,NA,NA,NA,NA,NA,NA,NA,NA,NA,NA,NA,NA,NA,NA,NA,NA,NA,21035.91,2920.35,26372.21,1658.3,46687.14,3367.42,9923.23,130.73,NA,NA,NA,NA,NA,NA
158,NA,NA,NA,NA,NA,NA,NA,NA,NA,NA,NA,NA,NA,NA,NA,NA,NA,NA,NA,NA,NA,NA,NA,NA,NA,NA,NA,NA,NA,NA,21416.84,2974.44,26873.92,1711,47652.74,3406.62,NA,NA,NA,NA,NA,NA,NA,NA
161,NA,NA,NA,NA,NA,NA,10104.88,1056.29,NA,NA,3088.38,92.61,3951.86,680.14,NA,NA,NA,NA,NA,NA,3182.45,75.33,NA,NA,NA,NA,2175.03,228.07,3040.13,96.62,21628.7,2969.11,27216.27,1729.75,48308.24,3472.78,10209.5,135.84,3973.06,259.88,3236.74,145.84,4246.25,729.47
165,NA,NA,NA,NA,NA,NA,NA,NA,NA,NA,NA,NA,NA,NA,NA,NA,NA,NA,NA,NA,NA,NA,NA,NA,NA,NA,NA,NA,NA,NA,21955.83,3016.61,27670.95,1777.65,49189.44,3537.79,NA,NA,NA,NA,NA,NA,NA,NA
168,NA,NA,NA,NA,NA,NA,10292.24,1066.25,NA,NA,NA,NA,NA,NA,NA,NA,NA,NA,NA,NA,NA,NA,NA,NA,NA,NA,NA,NA,NA,NA,22209.23,3054.7,27979.5,1804.01,49861.06,3610.41,10433.96,136.55,NA,NA,NA,NA,NA,NA
172,NA,NA,NA,NA,NA,NA,NA,NA,NA,NA,NA,NA,NA,NA,NA,NA,NA,NA,NA,NA,NA,NA,NA,NA,NA,NA,NA,NA,NA,NA,22533.11,3093.12,28345.64,1858.05,50674.21,3666.55,NA,NA,NA,NA,NA,NA,NA,NA
175,1105.33,53.71,1977.24,87,3390.61,295.69,10452.19,1074.57,1175.35,49.36,3213.48,89.04,4087.08,697.01,945.92,45.44,2793.26,124.31,504.4,65.38,3278.44,80.12,2538.44,616.49,1058.87,311.85,2247.16,236.23,3174.24,101.55,22751.78,3115.48,28643.9,1872.45,51321.28,3734.95,10640.58,143.94,4129.45,269.22,3349.84,156.05,4432.74,765.65
179,NA,NA,NA,NA,NA,NA,NA,NA,NA,NA,NA,NA,NA,NA,NA,NA,NA,NA,NA,NA,NA,NA,NA,NA,NA,NA,NA,NA,NA,NA,23056.53,3153.4,29033.45,1909.45,52176.9,3809.68,NA,NA,NA,NA,NA,NA,NA,NA
182,NA,NA,NA,NA,NA,NA,10623.64,1083.22,NA,NA,NA,NA,NA,NA,NA,NA,NA,NA,NA,NA,NA,NA,NA,NA,NA,NA,NA,NA,NA,NA,23298.18,3183.13,29326.56,1923.61,52825.69,3876.83,10847.17,147.99,NA,NA,NA,NA,NA,NA
186,NA,NA,NA,NA,NA,NA,NA,NA,NA,NA,NA,NA,NA,NA,NA,NA,NA,NA,NA,NA,NA,NA,NA,NA,NA,NA,NA,NA,NA,NA,23583.66,3217.47,29659.56,1937.94,53690.58,3961.15,NA,NA,NA,NA,NA,NA,NA,NA
189,NA,NA,NA,NA,NA,NA,10801.33,1098.44,NA,NA,3329.45,81.95,4220.44,710.73,NA,NA,NA,NA,NA,NA,3380.36,86.85,NA,NA,NA,NA,2335.22,243.4,3302.65,103.83,23807.15,3248.78,29908.46,1950.32,54331.36,4057.7,11050.96,148.06,4284.93,278.4,3468.27,169.33,4623.4,799.88
193,NA,NA,NA,NA,NA,NA,NA,NA,NA,NA,NA,NA,NA,NA,NA,NA,NA,NA,NA,NA,NA,NA,NA,NA,NA,NA,NA,NA,NA,NA,24057.02,3285.24,30212.61,1946.4,55142.84,4171.89,NA,NA,NA,NA,NA,NA,NA,NA
196,NA,NA,NA,NA,NA,NA,10953.29,1110.65,NA,NA,NA,NA,NA,NA,NA,NA,NA,NA,NA,NA,NA,NA,NA,NA,NA,NA,NA,NA,NA,NA,24298.74,3318.84,30484.65,1951.07,55803.3,4250.67,11245.75,150.44,NA,NA,NA,NA,NA,NA
200,NA,NA,NA,NA,NA,NA,NA,NA,NA,NA,NA,NA,NA,NA,NA,NA,NA,NA,NA,NA,NA,NA,NA,NA,NA,NA,NA,NA,NA,NA,24559.22,3362.13,30761.56,1958.39,56545.17,4347.77,NA,NA,NA,NA,NA,NA,NA,NA
203,1172.19,54.35,2094.97,94.98,3575.33,309.81,11106.36,1125.2,1255.75,56.78,3419.99,80.98,4336.45,723.84,987.95,49.69,2945.07,120.54,535.13,67.85,3467.3,84.99,2548.59,585.15,1125.47,329.41,2405.27,254.14,3417.81,111.53,24846.3,3393.48,31017.66,1961.71,57135.87,4411.57,11430.55,156.72,4415.52,288.73,3575.41,173.39,4807.48,826.85
205,NA,NA,NA,NA,NA,NA,NA,NA,NA,NA,NA,NA,NA,NA,NA,NA,NA,NA,NA,NA,NA,NA,NA,NA,NA,NA,NA,NA,NA,NA,NA,NA,NA,NA,57312.98,4432.79,NA,NA,NA,NA,NA,NA,NA,NA
207,NA,NA,NA,NA,NA,NA,NA,NA,NA,NA,NA,NA,NA,NA,NA,NA,NA,NA,NA,NA,NA,NA,NA,NA,NA,NA,NA,NA,NA,NA,25199.59,3430.91,31435.29,1975.03,57848.51,4499.67,NA,NA,NA,NA,NA,NA,NA,NA
209,NA,NA,NA,NA,NA,NA,NA,NA,NA,NA,NA,NA,NA,NA,NA,NA,NA,NA,NA,NA,NA,NA,NA,NA,NA,NA,NA,NA,NA,NA,NA,NA,NA,NA,58353.97,4562.49,NA,NA,NA,NA,NA,NA,NA,NA
210,NA,NA,NA,NA,NA,NA,NA,NA,NA,NA,NA,NA,NA,NA,NA,NA,NA,NA,NA,NA,NA,NA,NA,NA,NA,NA,NA,NA,NA,NA,NA,NA,NA,NA,NA,NA,11690.31,155.1,NA,NA,NA,NA,NA,NA
211,NA,NA,NA,NA,NA,NA,NA,NA,NA,NA,NA,NA,NA,NA,NA,NA,NA,NA,NA,NA,NA,NA,NA,NA,NA,NA,NA,NA,NA,NA,25564.14,3472.23,31859.05,1988.22,58884.37,4638.26,NA,NA,NA,NA,NA,NA,NA,NA
214,NA,NA,NA,NA,NA,NA,NA,NA,NA,NA,NA,NA,NA,NA,NA,NA,NA,NA,NA,NA,NA,NA,NA,NA,NA,NA,NA,NA,NA,NA,25868.68,3508.27,32193.22,2002.6,59647.97,4735.23,11873.84,155.15,NA,NA,NA,NA,NA,NA
216,NA,NA,NA,NA,NA,NA,NA,NA,NA,NA,NA,NA,NA,NA,NA,NA,NA,NA,NA,NA,NA,NA,NA,NA,NA,NA,NA,NA,NA,NA,NA,NA,NA,NA,60155.56,4799,NA,NA,NA,NA,NA,NA,NA,NA
217,NA,NA,NA,NA,NA,NA,NA,NA,NA,NA,NA,NA,4517.45,748.99,NA,NA,NA,NA,NA,NA,3599.2,87.84,NA,NA,NA,NA,NA,NA,3587.96,125.83,NA,NA,NA,NA,NA,NA,12015.46,156.27,4608.18,307.14,3728.01,178.85,NA,NA
218,NA,NA,NA,NA,NA,NA,NA,NA,NA,NA,NA,NA,NA,NA,NA,NA,NA,NA,NA,NA,NA,NA,NA,NA,NA,NA,NA,NA,NA,NA,26215.3,3551.31,32516.6,2015.6,60667.18,4861.37,NA,NA,NA,NA,NA,NA,NA,NA
219,NA,NA,NA,NA,NA,NA,NA,NA,NA,NA,NA,NA,NA,NA,NA,NA,NA,NA,NA,NA,NA,NA,NA,NA,NA,NA,NA,NA,NA,NA,NA,NA,NA,NA,NA,NA,12110.66,156.94,NA,NA,NA,NA,NA,NA
221,NA,NA,NA,NA,NA,NA,NA,NA,NA,NA,NA,NA,NA,NA,NA,NA,NA,NA,NA,NA,NA,NA,NA,NA,NA,NA,NA,NA,NA,NA,26505.67,3588.45,32842.29,2037.44,61414.38,4956.84,12200.37,157.88,NA,NA,NA,NA,NA,NA
223,NA,NA,NA,NA,NA,NA,NA,NA,NA,NA,NA,NA,NA,NA,NA,NA,NA,NA,NA,NA,NA,NA,NA,NA,NA,NA,NA,NA,NA,NA,NA,NA,NA,NA,61869.04,5013,NA,NA,NA,NA,NA,NA,NA,NA
224,NA,NA,NA,NA,NA,NA,NA,NA,NA,NA,NA,NA,NA,NA,NA,NA,NA,NA,NA,NA,NA,NA,NA,NA,NA,NA,NA,NA,NA,NA,NA,NA,NA,NA,NA,NA,12285.39,155.26,NA,NA,NA,NA,NA,NA
225,NA,NA,NA,NA,NA,NA,NA,NA,NA,NA,NA,NA,NA,NA,NA,NA,NA,NA,NA,NA,NA,NA,NA,NA,NA,NA,NA,NA,NA,NA,26827.38,3628.36,33216.69,2064.34,62325.16,5070.23,NA,NA,NA,NA,NA,NA,NA,NA
226,NA,NA,NA,NA,NA,NA,NA,NA,NA,NA,NA,NA,NA,NA,NA,NA,NA,NA,NA,NA,NA,NA,NA,NA,NA,NA,NA,NA,NA,NA,NA,NA,NA,NA,NA,NA,12365.69,156.48,NA,NA,NA,NA,NA,NA
228,NA,NA,NA,NA,NA,NA,NA,NA,NA,NA,NA,NA,NA,NA,NA,NA,NA,NA,NA,NA,NA,NA,NA,NA,NA,NA,NA,NA,NA,NA,27112.3,3664.02,33535.23,2087.68,63058.19,5165.28,12441.01,156.93,NA,NA,NA,NA,NA,NA
230,NA,NA,NA,NA,NA,NA,NA,NA,NA,NA,NA,NA,NA,NA,NA,NA,NA,NA,NA,NA,NA,NA,NA,NA,NA,NA,NA,NA,NA,NA,NA,NA,NA,NA,63543.24,5228.57,NA,NA,NA,NA,NA,NA,NA,NA
231,NA,NA,2244.92,104.14,NA,NA,NA,NA,NA,NA,NA,NA,4680.94,769.8,1056.54,59.34,NA,NA,573.46,70.76,3710.15,95.99,NA,NA,1198.59,346.38,2533.96,259.46,3744.15,137.47,27371.8,3698.46,33838.33,2111.61,63798.77,5267.49,12545.76,158.14,4791.84,322.71,3870.47,184.91,NA,NA
232,NA,NA,NA,NA,NA,NA,NA,NA,NA,NA,NA,NA,NA,NA,NA,NA,NA,NA,NA,NA,NA,NA,NA,NA,NA,NA,NA,NA,NA,NA,NA,NA,NA,NA,64061.99,5300.83,NA,NA,NA,NA,NA,NA,NA,NA
233,NA,NA,NA,NA,NA,NA,NA,NA,NA,NA,NA,NA,NA,NA,NA,NA,NA,NA,NA,NA,NA,NA,NA,NA,NA,NA,NA,NA,NA,NA,NA,NA,NA,NA,64321.7,5333.87,NA,NA,NA,NA,NA,NA,NA,NA
234,NA,NA,NA,NA,NA,NA,NA,NA,NA,NA,NA,NA,NA,NA,NA,NA,NA,NA,NA,NA,NA,NA,2666.93,590.51,NA,NA,NA,NA,NA,NA,NA,NA,NA,NA,NA,NA,12654.99,160.45,NA,NA,NA,NA,NA,NA
235,NA,NA,NA,NA,NA,NA,NA,NA,NA,NA,NA,NA,NA,NA,NA,NA,NA,NA,NA,NA,NA,NA,NA,NA,NA,NA,NA,NA,NA,NA,27711,3733.98,34229.45,2142.35,64799.27,5391.38,NA,NA,NA,NA,NA,NA,NA,NA
237,NA,NA,NA,NA,NA,NA,NA,NA,NA,NA,NA,NA,NA,NA,NA,NA,NA,NA,NA,NA,NA,NA,NA,NA,NA,NA,NA,NA,NA,NA,NA,NA,NA,NA,65278.67,5454.97,NA,NA,NA,NA,NA,NA,NA,NA
238,NA,NA,NA,NA,NA,NA,NA,NA,NA,NA,NA,NA,NA,NA,NA,NA,NA,NA,NA,NA,NA,NA,NA,NA,NA,NA,NA,NA,NA,NA,NA,NA,NA,NA,NA,NA,12793.26,164.27,NA,NA,NA,NA,NA,NA
239,NA,NA,NA,NA,NA,NA,NA,NA,NA,NA,NA,NA,NA,NA,NA,NA,NA,NA,NA,NA,NA,NA,NA,NA,NA,NA,NA,NA,NA,NA,28056.7,3774.79,34623.72,2171.3,65758.34,5515.76,NA,NA,NA,NA,NA,NA,NA,NA
241,NA,NA,NA,NA,NA,NA,NA,NA,NA,NA,NA,NA,NA,NA,NA,NA,NA,NA,NA,NA,NA,NA,NA,NA,NA,NA,NA,NA,NA,NA,NA,NA,NA,NA,65926.88,5537.99,NA,NA,NA,NA,NA,NA,NA,NA
242,NA,NA,NA,NA,NA,NA,NA,NA,NA,NA,NA,NA,NA,NA,NA,NA,NA,NA,NA,NA,NA,NA,NA,NA,NA,NA,NA,NA,NA,NA,28351.42,3808.5,34944.08,2195.08,66198.61,5572.27,12940.86,168.13,NA,NA,NA,NA,NA,NA
244,NA,NA,NA,NA,NA,NA,NA,NA,NA,NA,NA,NA,NA,NA,NA,NA,NA,NA,NA,NA,NA,NA,NA,NA,NA,NA,NA,NA,NA,NA,NA,NA,NA,NA,66668.68,5637.99,NA,NA,NA,NA,NA,NA,NA,NA
245,NA,NA,NA,NA,NA,NA,NA,NA,NA,NA,NA,NA,4829.72,783.04,NA,NA,NA,NA,NA,NA,3829.1,97.24,NA,NA,NA,NA,NA,NA,3912.2,151.32,NA,NA,NA,NA,NA,NA,13066.68,171.56,4980.26,341.14,4022.87,196.12,NA,NA
246,NA,NA,NA,NA,NA,NA,NA,NA,NA,NA,NA,NA,NA,NA,NA,NA,NA,NA,NA,NA,NA,NA,NA,NA,NA,NA,NA,NA,NA,NA,28692.18,3848.79,35319.43,2221.27,67162.38,5702.28,NA,NA,NA,NA,NA,NA,NA,NA
247,NA,NA,NA,NA,NA,NA,NA,NA,NA,NA,NA,NA,NA,NA,NA,NA,NA,NA,NA,NA,NA,NA,NA,NA,NA,NA,NA,NA,NA,NA,NA,NA,NA,NA,67427.65,5737.21,NA,NA,NA,NA,NA,NA,NA,NA
249,NA,NA,NA,NA,NA,NA,NA,NA,NA,NA,NA,NA,NA,NA,NA,NA,NA,NA,NA,NA,NA,NA,NA,NA,NA,NA,NA,NA,NA,NA,28965.18,3881.96,35611.93,2238.76,67889.21,5793.45,13205.5,175.83,NA,NA,NA,NA,NA,NA
251,NA,NA,NA,NA,NA,NA,NA,NA,NA,NA,NA,NA,NA,NA,NA,NA,NA,NA,NA,NA,NA,NA,NA,NA,NA,NA,NA,NA,NA,NA,NA,NA,NA,NA,68394.37,5860.69,NA,NA,NA,NA,NA,NA,NA,NA
252,NA,NA,NA,NA,NA,NA,NA,NA,NA,NA,NA,NA,NA,NA,NA,NA,NA,NA,NA,NA,NA,NA,NA,NA,NA,NA,NA,NA,NA,NA,NA,NA,NA,NA,NA,NA,13322.56,180.15,NA,NA,NA,NA,NA,NA
253,NA,NA,NA,NA,NA,NA,NA,NA,NA,NA,NA,NA,NA,NA,NA,NA,NA,NA,NA,NA,NA,NA,NA,NA,NA,NA,NA,NA,NA,NA,29302.57,3920.3,35971.22,2259.72,68864.72,5919.49,NA,NA,NA,NA,NA,NA,NA,NA
255,NA,NA,NA,NA,NA,NA,NA,NA,NA,NA,NA,NA,NA,NA,NA,NA,NA,NA,NA,NA,NA,NA,NA,NA,NA,NA,NA,NA,NA,NA,NA,NA,NA,NA,69373.55,5984.95,NA,NA,NA,NA,NA,NA,NA,NA
256,NA,NA,NA,NA,NA,NA,NA,NA,NA,NA,NA,NA,NA,NA,NA,NA,NA,NA,NA,NA,NA,NA,NA,NA,NA,NA,NA,NA,NA,NA,29570.56,3952.26,36245.92,2274.91,69583.73,6012.61,13456.14,184.46,NA,NA,NA,NA,NA,NA
258,NA,NA,NA,NA,NA,NA,NA,NA,NA,NA,NA,NA,NA,NA,NA,NA,NA,NA,NA,NA,NA,NA,NA,NA,NA,NA,NA,NA,NA,NA,NA,NA,NA,NA,70058.23,6070.38,NA,NA,NA,NA,NA,NA,NA,NA
259,NA,NA,2384.92,110.5,NA,NA,NA,NA,NA,NA,NA,NA,4967.41,793.63,1118.58,61.94,NA,NA,613.07,75.21,3938.85,99.83,NA,NA,1266.48,361.54,2663.33,263.33,4062.87,169.51,29820.73,3976.09,36521.07,2290.82,70285.83,6098.39,13562.13,189.15,5149.8,357.67,4157.21,208.34,NA,NA
262,NA,NA,NA,NA,NA,NA,NA,NA,NA,NA,NA,NA,NA,NA,NA,NA,NA,NA,NA,NA,NA,NA,2785.46,596.45,NA,NA,NA,NA,NA,NA,NA,NA,NA,NA,70994.36,6191.58,NA,NA,NA,NA,NA,NA,NA,NA
263,NA,NA,NA,NA,NA,NA,NA,NA,NA,NA,NA,NA,NA,NA,NA,NA,NA,NA,NA,NA,NA,NA,NA,NA,NA,NA,NA,NA,NA,NA,30148.59,4009.73,36858.72,2309.04,71207.37,6214.42,13695.8,192.6,NA,NA,NA,NA,NA,NA
265,NA,NA,NA,NA,NA,NA,NA,NA,NA,NA,NA,NA,NA,NA,NA,NA,NA,NA,NA,NA,NA,NA,NA,NA,NA,NA,NA,NA,NA,NA,NA,NA,NA,NA,71633.47,6275.59,NA,NA,NA,NA,NA,NA,NA,NA
266,NA,NA,NA,NA,NA,NA,NA,NA,NA,NA,NA,NA,NA,NA,NA,NA,NA,NA,NA,NA,NA,NA,NA,NA,NA,NA,NA,NA,NA,NA,NA,NA,NA,NA,NA,NA,13804.86,196.7,NA,NA,NA,NA,NA,NA
267,NA,NA,NA,NA,NA,NA,NA,NA,NA,NA,NA,NA,NA,NA,NA,NA,NA,NA,NA,NA,NA,NA,NA,NA,NA,NA,NA,NA,NA,NA,30452.78,4034.33,37179.91,2326.57,72075.92,6331.18,NA,NA,NA,NA,NA,NA,NA,NA
269,NA,NA,NA,NA,NA,NA,NA,NA,NA,NA,NA,NA,NA,NA,NA,NA,NA,NA,NA,NA,NA,NA,NA,NA,NA,NA,NA,NA,NA,NA,NA,NA,NA,NA,72515.64,6391.54,NA,NA,NA,NA,NA,NA,NA,NA
270,NA,NA,NA,NA,NA,NA,NA,NA,NA,NA,NA,NA,NA,NA,NA,NA,NA,NA,NA,NA,NA,NA,NA,NA,NA,NA,NA,NA,NA,NA,30726.47,4089.37,37475.65,2325.95,72853.37,6402.74,13925.65,204.49,NA,NA,NA,NA,NA,NA
272,NA,NA,NA,NA,NA,NA,NA,NA,NA,NA,NA,NA,NA,NA,NA,NA,NA,NA,NA,NA,NA,NA,NA,NA,NA,NA,NA,NA,NA,NA,NA,NA,NA,NA,73315.16,6458.68,NA,NA,NA,NA,NA,NA,NA,NA
273,NA,NA,NA,NA,NA,NA,NA,NA,NA,NA,NA,NA,5106.11,804.99,NA,NA,NA,NA,NA,NA,4047.61,102.56,NA,NA,NA,NA,NA,NA,4220.26,188.66,NA,NA,NA,NA,NA,NA,14061.39,196.3,5296.73,370.85,4298.05,210.58,NA,NA
274,NA,NA,NA,NA,NA,NA,NA,NA,NA,NA,NA,NA,NA,NA,NA,NA,NA,NA,NA,NA,NA,NA,NA,NA,NA,NA,NA,NA,NA,NA,31042.13,4123.85,37803.54,2343.36,73788.5,6514.91,NA,NA,NA,NA,NA,NA,NA,NA
276,NA,NA,NA,NA,NA,NA,NA,NA,NA,NA,NA,NA,NA,NA,NA,NA,NA,NA,NA,NA,NA,NA,NA,NA,NA,NA,NA,NA,NA,NA,NA,NA,NA,NA,74279.39,6568.78,NA,NA,NA,NA,NA,NA,NA,NA
277,NA,NA,NA,NA,NA,NA,NA,NA,NA,NA,NA,NA,NA,NA,NA,NA,NA,NA,NA,NA,NA,NA,NA,NA,NA,NA,NA,NA,NA,NA,31301.19,4153.12,38073.03,2356.89,74520.82,6593.86,14163.67,203.86,NA,NA,NA,NA,NA,NA
279,NA,NA,NA,NA,NA,NA,NA,NA,NA,NA,NA,NA,NA,NA,NA,NA,NA,NA,NA,NA,NA,NA,NA,NA,NA,NA,NA,NA,NA,NA,NA,NA,NA,NA,74987.3,6645.5,NA,NA,NA,NA,NA,NA,NA,NA
280,NA,NA,NA,NA,NA,NA,NA,NA,NA,NA,NA,NA,NA,NA,NA,NA,NA,NA,NA,NA,NA,NA,NA,NA,NA,NA,NA,NA,NA,NA,NA,NA,NA,NA,NA,NA,14270.76,207.45,NA,NA,NA,NA,NA,NA
281,NA,NA,NA,NA,NA,NA,NA,NA,NA,NA,NA,NA,NA,NA,NA,NA,NA,NA,NA,NA,NA,NA,NA,NA,NA,NA,NA,NA,NA,NA,31616.48,4186.72,38397.98,2370,75463.26,6701.18,NA,NA,NA,NA,NA,NA,NA,NA
283,NA,NA,NA,NA,NA,NA,NA,NA,NA,NA,NA,NA,NA,NA,NA,NA,NA,NA,NA,NA,NA,NA,NA,NA,NA,NA,NA,NA,NA,NA,NA,NA,NA,NA,75935.34,6761.13,NA,NA,NA,NA,NA,NA,NA,NA
284,NA,NA,NA,NA,NA,NA,NA,NA,NA,NA,NA,NA,NA,NA,NA,NA,NA,NA,NA,NA,NA,NA,NA,NA,NA,NA,NA,NA,NA,NA,31866.89,4218.23,38649.82,2384.69,76183.87,6787.01,14395.69,212.56,NA,NA,NA,NA,NA,NA
286,NA,NA,NA,NA,NA,NA,NA,NA,NA,NA,NA,NA,NA,NA,NA,NA,NA,NA,NA,NA,NA,NA,NA,NA,NA,NA,NA,NA,NA,NA,NA,NA,NA,NA,76643.4,6837.7,NA,NA,NA,NA,NA,NA,NA,NA
287,NA,NA,2532.39,117.98,NA,NA,NA,NA,NA,NA,NA,NA,5244.43,818.12,1183.46,64.49,NA,NA,654.17,79.03,4135.99,102.26,2911.83,602.94,1337.19,378.48,2789.66,266.18,4366.75,213.01,32116.78,4243.64,38896.22,2393.75,76880.02,6864.02,14495.28,217.68,5464.01,388.74,4430.16,216.34,NA,NA
290,NA,NA,NA,NA,NA,NA,NA,NA,NA,NA,NA,NA,NA,NA,NA,NA,NA,NA,NA,NA,NA,NA,NA,NA,NA,NA,NA,NA,NA,NA,NA,NA,NA,NA,77552.63,6937.24,NA,NA,NA,NA,NA,NA,NA,NA
291,NA,NA,NA,NA,NA,NA,NA,NA,NA,NA,NA,NA,NA,NA,NA,NA,NA,NA,NA,NA,NA,NA,NA,NA,NA,NA,NA,NA,NA,NA,32419.27,4270.5,39207.53,2403.77,77806.46,6964.23,14619.66,222.02,NA,NA,NA,NA,NA,NA
293,NA,NA,NA,NA,NA,NA,NA,NA,NA,NA,NA,NA,NA,NA,NA,NA,NA,NA,NA,NA,NA,NA,NA,NA,NA,NA,NA,NA,NA,NA,NA,NA,NA,NA,78248.37,7009.56,NA,NA,NA,NA,NA,NA,NA,NA
294,NA,NA,NA,NA,NA,NA,NA,NA,NA,NA,NA,NA,NA,NA,NA,NA,NA,NA,NA,NA,NA,NA,NA,NA,NA,NA,NA,NA,NA,NA,NA,NA,NA,NA,NA,NA,14724.35,225.5,NA,NA,NA,NA,NA,NA
295,NA,NA,NA,NA,NA,NA,NA,NA,NA,NA,NA,NA,NA,NA,NA,NA,NA,NA,NA,NA,NA,NA,NA,NA,NA,NA,NA,NA,NA,NA,32720.49,4298.83,39508.41,2411.12,78708.02,7060.72,NA,NA,NA,NA,NA,NA,NA,NA
296,NA,NA,NA,NA,NA,NA,NA,NA,NA,NA,NA,NA,NA,NA,NA,NA,NA,NA,NA,NA,NA,NA,NA,NA,NA,NA,NA,NA,NA,NA,NA,NA,NA,NA,78957.15,7087.82,NA,NA,NA,NA,NA,NA,NA,NA
298,NA,NA,NA,NA,NA,NA,NA,NA,NA,NA,NA,NA,NA,NA,NA,NA,NA,NA,NA,NA,NA,NA,NA,NA,NA,NA,NA,NA,NA,NA,32981.21,4322.9,39754.08,2414.89,79438.72,7121.54,14842.71,230.89,NA,NA,NA,NA,NA,NA
300,NA,NA,NA,NA,NA,NA,NA,NA,NA,NA,NA,NA,NA,NA,NA,NA,NA,NA,NA,NA,NA,NA,NA,NA,NA,NA,NA,NA,NA,NA,NA,NA,NA,NA,79881.79,7178.31,NA,NA,NA,NA,NA,NA,NA,NA
301,NA,NA,NA,NA,NA,NA,NA,NA,NA,NA,NA,NA,5370.26,826.39,NA,NA,NA,NA,NA,NA,4239.88,105.56,NA,NA,NA,NA,NA,NA,4519.12,231.46,NA,NA,NA,NA,NA,NA,14945.04,234.95,NA,NA,NA,NA,NA,NA
302,NA,NA,NA,NA,NA,NA,NA,NA,NA,NA,NA,NA,NA,NA,NA,NA,NA,NA,NA,NA,NA,NA,NA,NA,NA,NA,NA,NA,NA,NA,33267.43,4352.95,40053.6,2418.44,80340.75,7224.45,NA,NA,NA,NA,NA,NA,NA,NA
304,NA,NA,NA,NA,NA,NA,NA,NA,NA,NA,NA,NA,NA,NA,NA,NA,NA,NA,NA,NA,NA,NA,NA,NA,NA,NA,NA,NA,NA,NA,NA,NA,NA,NA,80791.46,7271.93,NA,NA,NA,NA,NA,NA,NA,NA
305,NA,NA,NA,NA,NA,NA,NA,NA,NA,NA,NA,NA,NA,NA,NA,NA,NA,NA,NA,NA,NA,NA,NA,NA,NA,NA,NA,NA,NA,NA,33515.17,4375.01,40287.16,2418.96,81019.24,7292.89,15051.22,238.24,NA,NA,NA,NA,NA,NA
307,NA,NA,NA,NA,NA,NA,NA,NA,NA,NA,NA,NA,NA,NA,NA,NA,NA,NA,NA,NA,NA,NA,NA,NA,NA,NA,NA,NA,NA,NA,NA,NA,NA,NA,81415.43,7334.12,NA,NA,NA,NA,NA,NA,NA,NA
308,NA,NA,NA,NA,NA,NA,NA,NA,NA,NA,NA,NA,NA,NA,NA,NA,NA,NA,NA,NA,NA,NA,NA,NA,NA,NA,NA,NA,NA,NA,NA,NA,NA,NA,NA,NA,15150.24,242.25,NA,NA,NA,NA,NA,NA
309,NA,NA,NA,NA,NA,NA,NA,NA,NA,NA,NA,NA,NA,NA,NA,NA,NA,NA,NA,NA,NA,NA,NA,NA,NA,NA,NA,NA,NA,NA,33805.61,4403.74,40560.22,2417.48,81859.09,7373.3,NA,NA,NA,NA,NA,NA,NA,NA
311,NA,NA,NA,NA,NA,NA,NA,NA,NA,NA,NA,NA,NA,NA,NA,NA,NA,NA,NA,NA,NA,NA,NA,NA,NA,NA,NA,NA,NA,NA,NA,NA,NA,NA,82279.03,7413,NA,NA,NA,NA,NA,NA,NA,NA
312,NA,NA,NA,NA,NA,NA,NA,NA,NA,NA,NA,NA,NA,NA,NA,NA,NA,NA,NA,NA,NA,NA,NA,NA,NA,NA,NA,NA,NA,NA,34043.3,4426.52,40782.82,2414.97,82533.47,7432.6,15261.08,246.5,NA,NA,NA,NA,NA,NA
315,NA,NA,2664.08,122.92,NA,NA,NA,NA,NA,NA,NA,NA,5489.64,838.73,1240.17,65.4,NA,NA,689.58,81.91,4331.6,109.21,NA,NA,1407.48,394.53,2903.09,271.13,4648.45,253.89,NA,NA,NA,NA,NA,NA,15352.77,249.45,5695.64,413.5,4616.28,221.87,NA,NA